{"cameraMode":{"drawMode":0,"name":"Shaded","section":"Shading Mode"},"sceneLighting":true,"audioPlay":false,"sceneViewState":{"m_AlwaysRefresh":false,"showFog":true,"showSkybox":true,"showFlares":true,"showImageEffects":true,"showParticleSystems":true,"showVisualEffectGraphs":true,"m_FxEnabled":true},"in2DMode":false,"pivot":{"x":0.7588401436805725,"y":0.19489982724189759,"z":-14.677770614624024},"rotation":{"x":0.006677904166281223,"y":0.9851561784744263,"z":-0.03872960805892944,"w":0.16738764941692353},"size":14.89464282989502,"orthographic":false}