{"cameraMode":{"drawMode":0,"name":"Shaded","section":"Shading Mode"},"sceneLighting":true,"audioPlay":false,"sceneViewState":{"m_AlwaysRefresh":false,"showFog":true,"showSkybox":true,"showFlares":true,"showImageEffects":true,"showParticleSystems":true,"showVisualEffectGraphs":true,"m_FxEnabled":true},"in2DMode":false,"pivot":{"x":-0.16012170910835267,"y":1.8003262281417847,"z":-12.296162605285645},"rotation":{"x":0.004746844060719013,"y":-0.9929143190383911,"z":0.11098399758338928,"w":0.04352165758609772},"size":1.8768727779388428,"orthographic":false}