{"cameraMode":{"drawMode":0,"name":"Shaded","section":"Shading Mode"},"sceneLighting":true,"audioPlay":false,"sceneViewState":{"m_AlwaysRefresh":false,"showFog":true,"showSkybox":true,"showFlares":true,"showImageEffects":true,"showParticleSystems":true,"showVisualEffectGraphs":true,"m_FxEnabled":true},"in2DMode":false,"pivot":{"x":1.148866057395935,"y":-0.888909101486206,"z":-30.165809631347658},"rotation":{"x":0.04674996808171272,"y":-0.04194757342338562,"z":0.002046054694801569,"w":0.9980748295783997},"size":10.949628829956055,"orthographic":false}