{"cameraMode":{"drawMode":0,"name":"Shaded","section":"Shading Mode"},"sceneLighting":true,"audioPlay":false,"sceneViewState":{"m_AlwaysRefresh":false,"showFog":true,"showSkybox":true,"showFlares":true,"showImageEffects":true,"showParticleSystems":true,"showVisualEffectGraphs":true,"m_FxEnabled":true},"in2DMode":false,"pivot":{"x":40.41021728515625,"y":11.153627395629883,"z":75.40107727050781},"rotation":{"x":-0.020605966448783876,"y":0.08207207918167114,"z":0.0018864234443753958,"w":0.9964732527732849},"size":77.344482421875,"orthographic":false}